menu_id,department,category,keywords,question,answer,sensitivity
M01,전산,비밀번호 초기화,"비밀번호,암호,패스워드,로그인",비밀번호를 잊어버렸어요,사내 계정 포털의 비밀번호 초기화 메뉴를 이용하세요. 본인 인증 실패 시 전산팀에 문의하세요.,normal
M02,전산,VPN 연결,"vpn,재택,외부접속",VPN 연결 방법,VPN 클라이언트를 실행하고 회사 계정으로 로그인한 뒤 MFA 인증을 완료하세요. 연결 오류가 반복되면 전산팀에 문의하세요.,normal
M03,인사,연차 잔여일,"연차,잔여연차,연차잔여,연차 일수,휴가 잔여",연차가 몇 일 남았나요,개인별 잔여 연차는 인사 포털 > 근태/휴가 메뉴에서 확인하세요. 챗봇은 개인 잔여일을 직접 노출하지 않습니다.,personal
M04,인사,재직증명서,"재직증명서,증명서,서류",재직증명서 발급,인사 포털 > 증명서 발급 메뉴에서 재직증명서를 신청할 수 있습니다.,normal
M05,총무,회의실 예약,"회의실,예약,미팅룸",회의실 예약 방법,사내 캘린더에서 회의실 리소스를 선택해 예약하세요. 중복 예약 시 총무팀에 문의하세요.,normal
M06,재무,법인카드 정산,"법인카드,정산,영수증",법인카드 정산 방법,전자결재 > 비용정산에서 사용내역과 영수증을 첨부해 제출하세요.,normal
M07,전산,프로그램 설치,"설치,소프트웨어,프로그램",프로그램 설치 요청,승인된 소프트웨어는 사내 소프트웨어 센터에서 설치하세요. 관리자 권한이 필요한 경우 전산팀 승인 요청이 필요합니다.,restricted
M08,보안,권한 요청,"권한,관리자,접근,보안",관리자 권한을 주세요,관리자/보안 권한은 챗봇이 부여할 수 없습니다. 사내 권한신청 절차를 통해 담당자 승인을 받아주세요.,restricted
M09,인사,급여 문의,"월급,급여,급여일,급여명세서,급여 지급,급여 입금",월급이 아직 안 들어왔어요,급여 지급일과 급여명세서는 인사 포털에서 확인할 수 있습니다. 지급일이 지났는데도 급여가 입금되지 않았거나 금액 확인이 필요한 경우 인사/급여 담당자에게 문의하세요.,personal
